{"cameraMode":{"drawMode":0,"name":"Shaded","section":"Shading Mode"},"sceneLighting":false,"audioPlay":false,"sceneViewState":{"showFog":true,"showMaterialUpdate":false,"showSkybox":false,"showFlares":true,"showImageEffects":true,"showParticleSystems":true},"in2DMode":false,"pivot":{"x":49.19944381713867,"y":0.27513420581817629,"z":10.455957412719727},"rotation":{"x":-0.22298064827919007,"y":-0.6037191152572632,"z":0.18101954460144044,"w":-0.7436676621437073},"size":1.4431604146957398,"orthographic":false}