{"cameraMode":{"drawMode":0,"name":"Shaded","section":"Shading Mode"},"sceneLighting":false,"audioPlay":false,"sceneViewState":{"showFog":true,"showMaterialUpdate":false,"showSkybox":false,"showFlares":true,"showImageEffects":true,"showParticleSystems":true},"in2DMode":false,"pivot":{"x":1.3858642578125,"y":0.45458984375,"z":-0.408203125},"rotation":{"x":0.0016954911407083274,"y":-0.7075322866439819,"z":0.0016959065105766059,"w":0.7066814303398132},"size":3.157484531402588,"orthographic":true}