{"cameraMode":{"drawMode":0,"name":"Shaded","section":"Shading Mode"},"sceneLighting":true,"audioPlay":false,"sceneViewState":{"showFog":true,"showMaterialUpdate":false,"showSkybox":true,"showFlares":true,"showImageEffects":true,"showParticleSystems":true},"in2DMode":false,"pivot":{"x":53.511470794677737,"y":-6.012575626373291,"z":27.544708251953126},"rotation":{"x":0.23085972666740418,"y":-0.6468214392662048,"z":0.21506795287132264,"w":0.694316029548645},"size":22.064762115478517,"orthographic":false}